{"stats":{"minecraft:custom":{"minecraft:time_since_rest":6171,"minecraft:play_time":6171,"minecraft:sprint_one_cm":2008,"minecraft:walk_one_cm":3480,"minecraft:sneak_time":1,"minecraft:drop":5,"minecraft:aviate_one_cm":466307,"minecraft:jump":29,"minecraft:damage_dealt":45,"minecraft:leave_game":1,"minecraft:time_since_death":6171,"minecraft:total_world_time":6171,"minecraft:interact_with_crafting_table":1,"minecraft:fall_one_cm":209,"minecraft:fly_one_cm":90379},"minecraft:mined":{"minecraft:grass":1,"minecraft:grass_block":4},"minecraft:dropped":{"minecraft:dirt":2,"minecraft:wheat_seeds":2,"minecraft:firework_rocket":3},"minecraft:picked_up":{"minecraft:wheat_seeds":2,"minecraft:dirt":4},"minecraft:used":{"minecraft:dirt":2,"minecraft:firework_rocket":21,"minecraft:crafting_table":1,"minecraft:elytra":1},"minecraft:crafted":{"minecraft:firework_rocket":192}},"DataVersion":3465}