{
  "minecraft:recipes/misc/book": {
    "criteria": {
      "has_paper": "2024-05-19 13:37:34 +0000"
    },
    "done": true
  },
  "minecraft:recipes/decorations/crafting_table": {
    "criteria": {
      "unlock_right_away": "2024-05-19 13:34:30 +0000"
    },
    "done": true
  },
  "minecraft:end/elytra": {
    "criteria": {
      "elytra": "2024-05-19 13:37:05 +0000"
    },
    "done": true
  },
  "minecraft:recipes/decorations/cartography_table": {
    "criteria": {
      "has_paper": "2024-05-19 13:37:34 +0000"
    },
    "done": true
  },
  "minecraft:adventure/adventuring_time": {
    "criteria": {
      "minecraft:river": "2024-05-19 13:36:29 +0000",
      "minecraft:forest": "2024-05-19 13:36:49 +0000",
      "minecraft:flower_forest": "2024-05-19 13:39:01 +0000",
      "minecraft:meadow": "2024-05-19 13:36:52 +0000",
      "minecraft:savanna": "2024-05-19 13:36:31 +0000",
      "minecraft:plains": "2024-05-19 13:34:32 +0000"
    },
    "done": false
  },
  "minecraft:recipes/misc/firework_rocket_simple": {
    "criteria": {
      "has_gunpowder": "2024-05-19 13:37:48 +0000"
    },
    "done": true
  },
  "minecraft:recipes/redstone/tnt": {
    "criteria": {
      "has_gunpowder": "2024-05-19 13:37:48 +0000"
    },
    "done": true
  },
  "minecraft:story/root": {
    "criteria": {
      "crafting_table": "2024-05-19 13:37:54 +0000"
    },
    "done": true
  },
  "DataVersion": 3465
}